DATA YOU CAN RE-RANDOMIZE,,,,ACTUAL DATA FOR TABLE 6.8,,,,
,,,,,,,,
tv,junkfood,bmi,,tv,junkfood,bmi,,
3.279988166,2.645434018,21.30634752,,0.00039,0.069971,16.3365,,a
5.408352727,4.515556528,21.80007283,,0.011417,-0.660133,14.6761,,
3.392659315,2.722231282,20.86714301,,0.02723,0.839028,18.2867,,
2.992970328,2.349897208,22.58162777,,0.029528,1.50903,16.6944,,
1.382584943,1.963504848,19.25271632,,0.033876,-0.640537,14.5379,,
5.471732562,2.782996854,21.82408673,,0.038936,1.04921,16.3665,,
6.54026807,5.165717116,23.82578343,,0.044922,1.30576,18.1341,,
6.937810728,6.046792742,26.84983659,,0.049465,1.70011,17.4507,,
6.054939158,3.562940434,21.58546851,,0.051869,-0.654716,15.6748,,
3.832292542,2.96070479,24.16744229,,0.061936,1.43686,17.4319,,
2.450489143,2.02151191,20.94412627,,0.064261,0.30826,17.3531,,
3.641209208,2.178980171,19.80870912,,0.066411,2.25576,18.8101,,
7.479295771,5.443241428,28.07699252,,0.081537,0.18466,18.6573,,
5.295334706,5.621923242,26.99627026,,0.084875,1.52949,20.1839,,
3.626213312,2.938968635,21.60252336,,0.08704,-0.026393,18.8085,,
7.203208921,4.400391084,24.7420968,,0.088632,1.19557,19.7853,,
0.888933073,-0.369695148,15.21287312,,0.090689,1.55438,19.7973,,
5.097383467,3.777835959,25.08549605,,0.106723,-0.051055,16.2245,,
4.21196106,4.215730635,21.05456182,,0.108662,-0.492941,17.5908,,
0.493222883,-1.657053584,16.64216825,,0.117445,-0.264466,19.7122,,
3.025747075,1.66424661,18.63866655,,0.118566,-1.87751,17.7043,,
6.091679778,5.343332395,26.24382108,,0.120849,0.519052,15.9,,
0.361298916,0.383473229,20.5018463,,0.123911,-1.7687,14.769,,
0.174704609,-0.329315342,17.13256947,,0.137256,-0.162387,19.3686,,
4.042528011,4.529917774,24.13957097,,0.139221,1.05123,19.864,,
1.367670406,0.497901962,16.5128332,,0.140447,1.58576,19.2972,,
1.746640329,2.160777881,22.48214819,,0.146943,1.80805,20.509,,
5.49409598,3.488199203,25.55298401,,0.161005,-0.20086,17.5645,,
7.175178168,3.324639283,23.14436305,,0.161952,-1.40581,15.0845,,
4.711905795,3.241797758,22.17823215,,0.185395,-0.133248,17.9627,,
1.492820605,2.23981055,18.70046694,,0.18842,0.656041,20.648,,
3.718505354,2.272873683,19.14416494,,0.202861,1.85049,17.5839,,
3.809469633,1.498767345,20.78863327,,0.208288,0.802345,16.7465,,
7.186422065,5.476070359,23.80996237,,0.211147,1.32395,19.48,,
3.206024833,3.343937194,24.07425074,,0.231962,-0.439763,17.7827,,
7.295520724,6.594575851,25.44217698,,0.243352,1.23709,18.5594,,
6.694577475,5.175009429,26.87291792,,0.259935,2.2118,20.6549,,
6.739282812,8.097293268,27.8644059,,0.268385,0.160328,19.9517,,
0.828326084,0.825292782,17.69768972,,0.269944,-1.16871,16.449,,
0.777822359,0.289860107,15.90457886,,0.271769,-0.183287,17.5582,,
7.980922997,6.801491639,29.81941817,,0.274246,-0.736837,15.269,,
0.745187579,0.461544996,16.60422003,,0.275673,-0.144195,16.9624,,
3.559853606,2.485879501,20.46460607,,0.275686,0.334437,17.1665,,
5.148025873,4.825196974,22.99369627,,0.284226,-0.325474,18.5758,,
5.913955334,4.396481623,25.81185391,,0.302684,-0.073742,17.6711,,
2.433275608,3.224304458,21.51752233,,0.312072,-0.838616,17.3998,,
5.912069861,5.462829846,23.90324036,,0.319967,-0.158308,15.4474,,
5.112936432,5.832571231,26.26322812,,0.326868,0.375869,17.5988,,
2.032276548,0.104431894,20.69809944,,0.327255,-0.29786,15.8318,,
7.07017409,6.137962419,25.823652,,0.330204,0.459453,20.385,,
5.380327369,4.030452454,21.59076664,,0.334594,0.731984,16.3079,,
2.472567671,2.38494297,20.85531865,,0.346572,1.38114,20.7929,,
6.329049494,5.842684276,27.87216387,,0.35482,0.466223,19.627,,
7.780536132,7.48786111,29.50730289,,0.35633,1.46127,18.3175,,
2.572010514,2.657056898,19.22141669,,0.370486,1.05365,21.1438,,
2.225085305,3.238474215,21.7454873,,0.379926,1.15465,16.6811,,
7.142006632,4.90112895,23.475025,,0.388415,1.62202,17.1064,,
7.004510817,6.940993762,24.9540046,,0.400255,1.09978,16.7496,,
5.297131854,4.76359612,25.68344367,,0.402281,0.038676,18.1598,,
6.339632583,4.87622235,22.95817088,,0.405932,0.053466,17.1579,,
1.553025876,0.481809132,20.02187169,,0.416375,0.883883,17.3128,,
2.884375324,1.349401931,17.969902,,0.420467,0.18926,17.4153,,
6.972435271,5.083943908,26.18361026,,0.438355,1.21629,18.6087,,
2.043488894,0.136862885,20.29017121,,0.460082,1.341,18.8165,,
3.480064525,1.909136813,21.77930665,,0.47337,0.250353,18.9464,,
1.241336524,2.592660647,21.88503315,,0.485333,-0.648887,18.2937,,
2.477181685,3.106803791,20.55381788,,0.491892,1.62175,16.9828,,
2.597186189,2.317100186,20.34483231,,0.49243,-1.12053,16.8955,,
4.011796928,3.118027633,23.66220452,,0.492825,2.0281,17.8325,,
1.220722834,0.180915628,17.92538353,,0.496682,1.26799,18.4125,,
0.109963735,0.634278428,17.76415253,,0.504958,-0.629462,18.0357,,
5.982584087,3.040972707,21.40775051,,0.518584,-0.797955,14.695,,
4.824087651,4.888569378,24.080134,,0.539639,0.67391,18.7565,,
3.014389635,2.126651605,21.58058696,,0.553275,1.48438,18.1586,,
4.156347496,4.289976498,23.2042246,,0.583902,0.759066,17.3508,,
6.969863314,4.164706351,25.65770986,,0.593547,-0.006715,17.0344,,
7.66602685,6.145856481,24.26941023,,0.595824,2.76147,21.4326,,
4.877612599,5.221218628,27.09265798,,0.597654,1.2513,18.5448,,
5.860754033,3.162056435,23.74007097,,0.630479,1.40587,18.8236,,
5.57799634,4.515157386,23.98392502,,0.634121,0.077423,18.4287,,
1.224273292,-0.102073242,16.4708771,,0.645395,1.90884,18.9807,,
3.898769757,3.577481522,20.33800148,,0.660431,1.87438,21.1546,,
2.422953457,1.899156963,20.27161677,,0.665034,0.44448,19.2345,,
7.683511043,5.692786449,24.43197161,,0.667352,0.139497,17.668,,
3.989265736,4.307111099,24.08394693,,0.681428,0.312166,16.9116,,
1.540633616,0.096991076,19.77051812,,0.720719,0.460822,15.91,,
1.696382823,0.215664045,16.41366701,,0.726536,-1.45613,17.8408,,
4.128821912,3.287873684,22.17109181,,0.728876,1.36003,19.3615,,
7.073756705,5.707151541,28.2259666,,0.739657,-0.903403,17.8921,,
0.606086885,-0.397930101,18.82960314,,0.743871,1.64815,18.1409,,
0.208879437,-0.500476217,16.12155068,,0.746038,1.53483,21.5465,,
5.633408477,3.546114443,23.46444121,,0.754051,1.08322,16.4047,,
0.796832779,1.452170514,20.83525133,,0.761182,0.191011,15.9651,,
1.840392581,1.308599235,20.9460328,,0.765257,0.515393,16.4882,,
1.347641875,2.428152985,18.86682471,,0.775484,-1.09508,16.7688,,
7.002416246,5.765749287,25.62727125,,0.776146,1.26287,17.6885,,
2.439465482,2.1328368,20.32901387,,0.776216,0.411358,19.3389,,
2.151911067,2.454051052,22.13309101,,0.785839,1.76302,21.6891,,
3.332263374,3.65805384,23.06047341,,0.789525,1.57833,19.7445,,
6.072968267,5.146535567,27.43700684,,0.794097,2.86887,22.9448,,
7.682867782,7.343805927,25.55992436,,0.802329,0.102962,17.1237,,
6.869976648,4.721425105,25.61479985,,0.814294,-0.71144,15.1864,,
5.835515411,5.486001979,23.6459997,,0.827747,1.79176,18.5537,,
0.137023489,1.027396598,18.84630399,,0.837547,-0.232554,19.7772,,
7.729448348,5.528585497,27.05645192,,0.852904,-0.963124,17.5354,,
5.885387388,5.376170534,25.41095247,,0.857153,-0.782683,16.2366,,
3.891760017,1.630934332,21.92127863,,0.868201,0.168945,18.8479,,
6.067703398,5.619648837,25.29307879,,0.880942,-0.211315,15.4843,,
7.006693858,5.382322805,26.57128089,,0.886606,-1.54799,16.5175,,
7.185080964,4.259733412,26.59753162,,0.888086,0.426502,17.374,,
0.90014595,1.879391505,19.28574149,,0.891797,-0.479751,17.5393,,
6.23001756,5.935899618,24.4906167,,0.894968,0.370721,16.7449,,
7.166555218,5.123645785,26.40304176,,0.897955,0.063034,16.2728,,
1.782353295,1.442038446,17.59775472,,0.898688,0.482096,16.4831,,
7.312432402,6.403204322,24.96660376,,0.904093,0.366793,19.8291,,
7.052732419,5.622503669,25.36612717,,0.907019,-1.7002,13.7118,,
6.861088819,3.863454521,23.02872797,,0.918113,0.585081,17.3172,,
4.873702676,4.527802038,23.93619611,,0.922995,0.808698,20.4232,,
5.866920858,4.505640584,22.10437138,,0.925709,0.371295,16.0559,,
3.423693232,4.059672226,21.40825444,,0.927042,2.74424,21.0463,,
0.853766951,1.595421125,20.55855684,,0.931945,2.27127,22.1366,,
7.267012823,4.537579198,25.86864757,,0.934138,2.03226,22.0896,,
2.237932633,2.148826004,19.11541407,,0.941805,1.7234,17.2449,,
3.63034209,2.369012595,20.36970265,,0.952505,1.57557,21.5313,,
4.937020351,4.196719946,21.24504997,,0.95946,1.50226,19.2589,,
4.979818369,3.22323545,23.78814733,,0.961887,-1.66512,17.1743,,
4.076717213,3.847294947,20.65647554,,0.970263,0.158313,17.9498,,
3.006334711,2.446309759,18.93763799,,0.983002,1.03965,18.7574,,
3.225521178,3.837972568,22.81045436,,0.988913,-0.050836,17.4624,,
1.70802974,1.718824281,18.2739491,,0.992707,1.09028,20.0487,,
6.237203301,4.257254673,24.53403513,,0.995662,1.71207,18.5108,,
3.849178016,4.080563688,22.13900031,,0.999977,-0.026902,19.2155,,
4.771522937,2.554689623,20.11101675,,1.00677,-1.40013,17.8617,,
6.699185376,3.556752191,23.76892389,,1.01023,0.350494,18.1439,,
2.29443007,0.797486748,21.05471756,,1.01296,0.194201,18.0985,,
5.852577447,2.702655045,20.25617184,,1.01924,-1.32535,18.4191,,
5.93655039,5.468114051,24.19497435,,1.02434,0.135752,16.6676,,
6.799753283,6.082799268,26.71134872,,1.02846,0.913349,20.3798,,
4.510631666,4.556406142,22.95653801,,1.03319,0.399482,20.7588,,
2.83687364,2.042544185,20.87241737,,1.03633,0.381974,20.7709,,
6.194742296,6.413043091,27.94290366,,1.04722,0.771972,16.2068,,
4.965835569,2.593629851,23.74249657,,1.06498,1.53384,17.398,,
4.972030729,3.322031165,22.64621416,,1.08108,-0.580654,16.039,,
4.159796372,3.79354165,24.35891946,,1.08268,1.50836,21.4073,,
0.879803497,0.001557294,19.21202849,,1.08306,-0.346585,17.9945,,
0.186288851,0.081232782,19.01708583,,1.08621,0.735683,20.5195,,
2.658327204,0.430921131,21.00925681,,1.10101,1.31661,17.7716,,
5.270949932,4.541589567,22.21491396,,1.10233,1.82116,19.9557,,
3.110398097,1.15212135,19.09957349,,1.10417,1.38738,19.0629,,
2.959617105,2.915325143,24.09646155,,1.10727,0.282629,18.5901,,
6.233836166,4.315929656,23.02921284,,1.1136,1.98183,18.8997,,
2.986901426,2.044994366,19.77215763,,1.11477,1.07608,17.2939,,
2.716575082,0.681314478,18.95998385,,1.11636,0.947892,18.2237,,
6.583899918,3.58693269,21.88345305,,1.12233,0.533532,19.8018,,
4.957962589,5.437713586,26.93025903,,1.14282,2.183,21.1438,,
0.150014018,1.651113452,17.07675438,,1.14343,2.49688,21.2123,,
7.633884017,5.427516432,26.20315137,,1.14534,1.33011,19.5283,,
5.874740342,3.221603321,22.70153323,,1.1475,-1.15949,16.0678,,
3.915013612,3.401645736,20.8605799,,1.14917,2.45343,19.632,,
4.681209164,1.903013629,21.41291443,,1.15414,2.51352,18.1354,,
6.592650954,4.615435003,22.69913693,,1.15716,2.77799,21.2498,,
1.72741388,1.497544316,17.59380575,,1.16256,1.09686,17.509,,
7.106482757,7.155324461,29.95087566,,1.17881,1.77163,21.6454,,
7.570874878,6.064169744,27.38699576,,1.17886,0.265967,17.9723,,
7.294705423,4.521475137,22.88796487,,1.21005,0.708091,18.7078,,
5.378768286,4.369727414,24.61631627,,1.21584,2.26007,19.6414,,
4.075284906,2.326494124,19.04915203,,1.21817,0.555821,17.4523,,
4.875519005,4.28500628,22.66654193,,1.2191,1.15385,19.0884,,
1.488471935,1.925178573,20.45212147,,1.22633,2.96705,22.9771,,
6.141676197,4.354361141,24.71884342,,1.2305,1.81603,19.4541,,
0.854935704,0.402480183,20.59538803,,1.23173,0.823125,17.931,,
4.211666254,4.128188451,24.00260672,,1.23205,0.197048,17.3818,,
0.330276308,-0.739442788,18.61799742,,1.23511,-0.212946,18.5932,,
5.055247298,3.486427063,24.68484818,,1.25127,-0.776388,19.0872,,
1.776500634,1.264611801,17.05878346,,1.26351,0.945353,21.2379,,
7.578292514,6.02209949,28.42572948,,1.26691,0.885123,20.4634,,
2.191361585,2.760183461,18.93794588,,1.26949,0.923799,16.6152,,
4.228383015,2.773317561,23.3306582,,1.27325,0.699774,18.7442,,
2.333267993,3.024606912,19.28328068,,1.2789,-0.038156,16.0238,,
0.1687894,-2.136211947,16.32804742,,1.28688,-1.13463,16.504,,
5.004927177,4.189917764,23.94536009,,1.29325,1.83891,20.1716,,
6.354875388,4.345908947,22.45017758,,1.30174,2.86067,19.6301,,
5.412340337,3.845956131,25.08219457,,1.30891,-0.366484,18.4253,,
0.157720512,-0.815708849,17.40466147,,1.31318,1.92969,18.4617,,
4.282488356,4.310646141,24.28328969,,1.31463,1.36896,19.8902,,
0.720507943,-0.063339313,18.83025905,,1.31589,2.19609,19.8935,,
0.623104694,-0.019925939,15.52663191,,1.32455,2.10568,21.0659,,
0.381000456,2.673304746,22.48835701,,1.32792,-0.286876,16.3167,,
5.288884552,6.255949517,26.28090257,,1.33884,1.40916,17.9336,,
1.570295631,1.407904092,20.29489106,,1.3449,1.90848,19.4412,,
1.278255334,-0.811600653,18.36766209,,1.35148,1.89096,18.6569,,
3.608696449,3.158085846,20.90084707,,1.35326,1.58099,20.8653,,
4.345288467,3.309835003,21.60694938,,1.35645,0.662781,17.892,,
0.454414092,-0.679899943,19.413669,,1.37229,2.65359,18.6841,,
3.93086936,4.388239373,22.64239549,,1.38138,1.43055,19.8373,,
5.669084513,3.563540907,21.78021781,,1.38973,0.422016,17.2083,,
3.750973277,3.257192923,22.86134397,,1.3939,-0.529443,19.1353,,
2.883208263,1.714106248,18.48063792,,1.39547,0.92548,17.7114,,
2.134869672,2.867183323,23.29650383,,1.4034,1.38219,19.3081,,
4.127443682,1.389686275,20.98052929,,1.41128,1.41802,21.1692,,
4.14992039,3.36839387,24.88287233,,1.42068,2.40935,22.4575,,
5.483423154,5.008311923,27.06584627,,1.42156,0.158074,16.2832,,
6.044853857,5.165227734,22.95777429,,1.44028,0.616595,17.526,,
5.376230759,4.135607051,21.92517663,,1.45618,1.68057,22.0141,,
1.924418896,-0.463653439,15.62184183,,1.46024,0.499553,18.7738,,
1.715794637,2.969773659,22.32027411,,1.47736,2.97257,22.1516,,
2.049543753,0.965097647,17.73844487,,1.50575,1.29073,17.2304,,
7.552763049,5.540767601,24.40683683,,1.51726,0.766411,17.3598,,
7.776330122,6.822926659,28.16148897,,1.53019,1.16738,17.523,,
2.155859938,1.845567256,18.15588492,,1.53042,2.03735,17.8684,,
7.261544236,6.85798401,26.43580288,,1.53298,1.36041,21.8273,,
4.441198828,2.030023867,20.45874599,,1.54152,-0.45715,16.0818,,
3.245989683,3.575599557,21.59965535,,1.54688,1.21251,18.854,,
5.641810517,4.218682952,21.6957794,,1.54986,-0.635282,17.4147,,
6.290598327,4.654482524,22.92461265,,1.56025,-0.824005,17.3463,,
4.583470148,2.853014074,21.16794501,,1.56128,1.30662,20.4669,,
5.392354147,4.351668775,22.23780812,,1.56467,1.68506,21.6502,,
7.577993846,6.559497183,25.07754575,,1.56508,3.00282,19.3489,,
0.5222566,-0.026621128,16.09796797,,1.58185,0.413549,19.3186,,
0.114776223,1.869863921,20.97805241,,1.58252,1.5011,21.7339,,
4.623976793,5.250984053,26.97927179,,1.58722,-1.73504,14.3575,,
3.483277439,2.603264643,22.68393956,,1.58754,0.276508,16.2328,,
2.124233097,0.602695666,16.69150858,,1.59302,1.00615,20.0743,,
0.878113268,0.979076286,17.89828485,,1.60301,1.29311,19.6441,,
6.831614301,7.290734782,28.0855605,,1.6105,2.26151,20.7568,,
2.494142636,0.881205441,20.96329757,,1.64443,2.85365,18.9011,,
1.754968231,1.685350929,17.47910217,,1.6517,1.30752,21.2373,,
4.817712486,2.787550972,20.06656579,,1.66828,1.46978,19.9143,,
0.534750187,-0.183415005,18.29210274,,1.67811,0.831618,17.4465,,
4.188563683,-0.219952053,20.66575346,,1.68556,-1.21171,17.9944,,
1.815483301,2.680365941,19.3454073,,1.69194,3.55047,23.8199,,
0.633731169,-1.526339316,17.32204093,,1.69201,1.30427,21.0234,,
3.738275405,3.521859588,24.01805252,,1.69331,2.3836,20.7767,,
1.428731553,0.601397336,20.81242251,,1.7043,-0.545681,16.9435,,
2.624260052,2.534594206,19.50054183,,1.71076,1.97954,21.2411,,
7.63974106,6.720930233,26.62473322,,1.72588,0.937419,18.8047,,
5.723538819,3.987779403,24.83726081,,1.73014,1.48023,20.064,,
0.140920055,-0.349145298,15.71042608,,1.73124,1.93427,19.6546,,
1.910157982,0.345242247,17.1850274,,1.7367,1.06398,20.3734,,
4.88672665,3.341360523,24.03136418,,1.74309,0.378136,19.9702,,
2.692518318,2.960463941,23.60709236,,1.74695,2.21948,19.1308,,
3.132337871,1.747897054,18.07660999,,1.76115,2.99231,19.2827,,
3.397056215,4.234581038,24.87884559,,1.76763,2.32961,18.8971,,
5.331182484,4.440593242,25.59693266,,1.774,2.14025,22.5033,,
3.179910426,2.670389698,21.03716554,,1.78142,1.79747,19.3053,,
5.095291751,3.296266041,25.22694411,,1.785,2.51478,20.0317,,
6.199195441,5.456226312,27.15967183,,1.78944,0.678918,17.9694,,
0.542112801,0.94750436,17.35781615,,1.78983,2.07843,19.9173,,
7.370626008,6.39809402,29.25952721,,1.80815,2.20366,22.3398,,
0.439527298,0.214819595,19.94899556,,1.80936,2.28907,22.5236,,
1.217161955,-0.354744286,18.6198425,,1.81446,1.86968,20.7689,,
3.068462788,2.729504299,21.57454064,,1.83026,0.343745,16.9555,,
2.208615092,1.958627752,20.05704427,,1.84299,2.42833,22.9391,,
7.888324112,5.712963581,24.15213129,,1.84998,1.25292,21.1296,,
1.872535021,1.48607749,21.27568268,,1.88362,-0.090994,17.2579,,
3.27191841,2.278426719,18.9590398,,1.88559,0.545732,17.3768,,
3.008685226,2.477948027,22.12938646,,1.88954,1.50082,20.5683,,
3.388321356,2.963158634,23.49348105,,1.90302,0.864306,19.3121,,
1.08949833,0.133042689,17.58619041,,1.93332,1.08889,19.946,,
1.884150744,0.712736255,21.32558079,,1.93703,2.05368,21.3379,,
5.265684056,2.563145978,23.7981538,,1.94372,1.82514,18.7327,,
4.15318485,0.658106289,18.27992998,,1.94545,1.83763,22.2734,,
1.924211741,1.029830212,20.70732898,,1.95336,2.57393,18.7975,,
3.39615884,2.11866308,19.16086358,,1.95777,1.64244,19.0246,,
4.204091672,2.351114146,21.63596738,,1.97489,1.89288,22.4364,,
2.228498103,2.891522981,22.88330428,,1.99318,1.34266,17.8525,,
3.321812575,3.711535455,23.35482142,,1.9948,0.951384,18.368,,
7.216084463,6.099302957,26.88514269,,2.02995,2.8321,21.3935,,
2.075433914,2.193110253,21.42926099,,2.03151,1.52968,17.6461,,
6.801973482,3.816379362,22.8061019,,2.03879,1.76085,21.32,,
1.952742984,0.10852119,20.58107704,,2.03908,1.72334,22.3694,,
3.880644193,1.725823061,19.31692068,,2.03979,2.44493,20.3763,,
6.500852131,5.919437383,26.36846239,,2.07102,1.95873,18.769,,
0.710826733,0.883600511,19.39043183,,2.0864,0.591601,20.1304,,
5.596269667,3.884748945,22.57128758,,2.1047,1.68605,22.2454,,
2.089345323,1.428927867,18.23338464,,2.10748,3.28267,23.4996,,
6.70951909,4.968297954,27.6271591,,2.10842,2.00776,21.4058,,
2.559340763,2.38862232,19.57795939,,2.11266,1.49986,20.8087,,
3.941078437,2.064308172,21.13996144,,2.13531,1.24102,18.4173,,
0.904600335,-0.187291079,19.13173938,,2.14492,1.69125,20.8972,,
7.677675412,5.726643414,28.25212013,,2.1485,1.58791,18.3969,,
6.642760712,5.346095256,27.22200583,,2.16747,1.62883,22.108,,
3.66412609,2.51494534,23.47309842,,2.17369,0.530603,18.4778,,
6.843079792,5.186527509,23.75183277,,2.18167,3.44749,22.2391,,
4.76363158,1.946695119,20.43013526,,2.19143,0.938186,17.1896,,
5.389567814,2.07023172,23.05565826,,2.19207,1.69588,17.8125,,
0.684347415,1.411387719,17.95976724,,2.19305,-0.43892,18.5688,,
0.957493266,0.764655813,16.86763148,,2.19971,0.62122,20.1248,,
6.585574262,4.714414688,22.85164069,,2.21189,2.76884,20.4486,,
7.655171171,5.288726832,25.0057815,,2.25411,2.31212,19.0716,,
2.161058468,0.579799312,16.90456293,,2.25988,2.36236,22.0699,,
0.915677052,-0.18815504,19.65075679,,2.26093,1.62877,21.1138,,
1.639094471,1.959041273,22.02318909,,2.26404,2.09872,21.7909,,
0.837136289,-0.901012436,14.82841033,,2.27334,0.46619,19.5066,,
1.765928377,0.573205457,16.80275437,,2.28676,2.33594,23.2405,,
0.902737068,1.113721138,17.69145916,,2.29124,1.67203,18.5401,,
5.180916729,6.640813196,27.72200555,,2.29463,3.11855,23.9577,,
5.868753406,6.392742373,25.98912803,,2.29708,1.69465,21.5715,,
0.003617311,-0.533412779,19.21182933,,2.33479,0.285553,20.7347,,
7.613300912,5.086783056,28.09701607,,2.35268,3.23002,19.5677,,
4.390930157,3.183656693,23.12511149,,2.3554,1.20216,20.3887,,
3.02642354,2.036063485,20.12054525,,2.37804,2.06126,18.5229,,
1.026572908,-0.529604834,18.78204254,,2.37937,2.25262,20.8538,,
5.818748628,4.598275532,22.51477465,,2.38073,1.65122,17.8939,,
3.773570375,1.89788485,19.15053146,,2.38262,-0.214886,17.2025,,
3.61241956,3.653701762,22.89408848,,2.38814,0.883639,17.4865,,
3.398524491,3.96956037,23.81825465,,2.39577,1.88307,18.8105,,
1.176898074,1.017680059,19.19919344,,2.40242,2.84621,20.553,,
6.922536982,4.799673858,26.19422454,,2.4042,2.74061,23.4497,,
6.294858293,5.93096192,25.82105619,,2.42061,1.8663,21.7001,,
2.157253782,0.972750519,17.13505624,,2.43046,2.69538,21.0722,,
6.776934072,2.645907881,23.87707237,,2.43899,0.78,18.6321,,
4.319138933,3.780174396,25.25624347,,2.43926,2.86311,19.1429,,
2.113109978,2.315867858,22.38403454,,2.45613,2.53155,20.3609,,
1.328079042,0.391732474,17.96089882,,2.45893,1.25841,21.399,,
4.370819766,3.468199401,25.08009587,,2.47843,1.01349,19.5762,,
2.343579826,3.816773124,21.76350233,,2.4914,3.55201,22.305,,
3.297344436,3.853728279,20.70631098,,2.50059,2.40359,18.4981,,
5.454499872,4.117835841,23.24276478,,2.51496,0.732957,21.6957,,
2.864764567,4.15677383,23.23497529,,2.51889,0.503837,18.1205,,
5.879761922,5.227806059,23.32936678,,2.52849,3.52347,23.025,,
5.628039292,6.263477492,26.90629452,,2.55794,2.05994,19.5234,,
1.351616179,1.44004703,21.95205814,,2.56395,2.18594,21.8739,,
6.400437866,5.638815329,24.23620955,,2.5759,2.89175,22.2514,,
3.282693382,1.759683376,18.21767328,,2.57603,1.20264,18.998,,
3.253357923,2.498904781,22.90475975,,2.58939,1.63315,19.0961,,
6.443439051,5.413141907,27.77179702,,2.6051,3.22305,21.0674,,
4.013777693,2.933916401,21.8321568,,2.60827,1.77027,21.6654,,
1.824015575,2.110894794,21.18444379,,2.63199,1.06734,21.4235,,
4.883172595,4.932866859,25.23436566,,2.63428,1.94839,21.2944,,
7.259406329,6.87586583,26.80117833,,2.65106,1.70419,19.3958,,
4.953573201,3.376459583,20.53516368,,2.65355,2.79153,20.5574,,
1.978255497,0.752346418,17.65919311,,2.65796,3.16447,19.8263,,
3.580897159,3.755698268,21.61770878,,2.66117,2.28279,23.1502,,
2.559545278,1.025578931,21.78906941,,2.67655,3.18953,20.2224,,
6.952843965,7.388110709,29.23986745,,2.69942,1.76168,22.2911,,
5.906421209,3.287622951,23.76692296,,2.70784,2.80955,21.1022,,
3.906826706,3.403183422,21.76961572,,2.70943,2.23938,21.4404,,
2.968860639,3.35828911,24.1410855,,2.73231,1.71633,19.7569,,
0.293627111,1.387659863,20.8594963,,2.73385,3.50212,23.4784,,
0.254335674,0.087258744,17.06126341,,2.73915,2.09487,21.1879,,
2.717507123,2.712694157,21.68437877,,2.74046,3.08286,19.2592,,
3.156631353,2.071875535,19.22793411,,2.77442,2.08038,18.8679,,
6.664105516,4.379699697,22.59161925,,2.80318,2.16556,21.6107,,
3.125197786,0.824165012,21.29516936,,2.804,1.9776,22.055,,
5.181293326,2.197708477,19.77982396,,2.81907,1.75634,21.875,,
0.263056514,-0.373834431,17.69542769,,2.83011,4.43049,22.4473,,
6.879363595,3.537959361,21.84737587,,2.83075,0.280409,19.4589,,
3.208895676,2.808644355,19.61089731,,2.83318,2.49593,21.3792,,
6.395822653,4.705400699,26.27978106,,2.83534,0.955602,20.2117,,
2.782249495,3.356133316,21.33763652,,2.83772,1.49532,22.459,,
1.397574759,2.45273655,22.19363302,,2.83869,0.042238,20.8598,,
7.667596052,6.46915103,25.73759238,,2.84217,3.19091,22.8768,,
2.733243856,2.007113005,20.67939312,,2.85469,1.98396,19.4982,,
4.355067326,4.588362429,23.03048114,,2.8586,2.77886,20.4317,,
5.765386885,4.297764171,23.02963779,,2.85963,0.285883,19.8229,,
2.702651478,2.163742114,21.67104989,,2.87138,1.5754,21.1774,,
3.880486008,1.570699693,20.64225766,,2.87494,1.91411,22.9566,,
3.347240398,2.330452285,20.07839457,,2.87917,2.81002,19.3612,,
6.592507873,3.635359814,21.75399494,,2.88627,3.04426,19.5221,,
7.710466033,5.939977517,25.15024595,,2.8917,1.96968,22.1553,,
5.507924207,4.595195385,23.58186692,,2.89193,0.65844,20.1731,,
2.074402714,0.589257402,20.72202436,,2.90372,2.44755,22.7738,,
7.928203106,4.698532642,24.06683102,,2.90698,2.84425,23.8514,,
4.29033925,3.169100975,21.61531919,,2.9158,2.14573,21.1575,,
5.590553781,3.171953545,22.49196381,,2.91679,1.88866,22.3894,,
2.559812647,0.683425239,21.09190144,,2.9194,2.89584,19.5963,,
6.841555093,5.68339776,27.33532169,,2.92186,2.72135,23.4189,,
6.831423724,6.683701889,28.24709631,,2.92295,2.34882,23.3716,,
7.276666138,5.643727452,23.57960385,,2.92711,2.52706,22.5845,,
6.284427197,4.691695014,25.67268398,,2.93929,1.80774,20.8125,,
1.614801206,1.287802074,18.46308978,,2.95585,1.0454,17.6531,,
3.759629289,4.8346575,22.2696091,,2.95678,1.54091,19.0103,,
4.346663067,6.036915082,23.98587788,,2.95785,1.51514,22.1136,,
6.797006957,4.525084794,27.18475037,,2.958,3.07363,22.9137,,
5.252384076,4.455268858,26.04170093,,2.95921,0.15196,21.016,,
0.173190338,1.299863677,18.55087802,,2.98584,1.93003,18.3514,,
3.34824991,1.467273774,22.2949665,,2.99034,2.83942,21.9158,,
0.321082909,0.904340867,20.60851533,,3.01176,4.32684,24.427,,
6.03439106,4.34082754,26.30035747,,3.0151,1.16263,19.9025,,
7.95107609,7.599755337,29.15777218,,3.02706,1.64566,22.261,,
5.870212569,3.505714569,22.97031147,,3.05124,2.26527,19.9045,,
2.937321212,1.129894703,19.13906711,,3.06322,1.51021,21.3928,,
0.195134613,0.83616872,20.64239175,,3.0688,1.21228,20.1723,,
0.121823901,-0.397525326,17.10167781,,3.071,1.76367,18.8315,,
0.439026591,-0.615356943,17.54924662,,3.08296,2.19078,20.9093,,
7.772598188,4.689792561,24.84756358,,3.09168,5.14864,26.2049,,
6.89572667,6.036170212,26.77657947,,3.10444,2.64827,21.6634,,
6.561869801,5.90114959,25.48147723,,3.11082,1.80832,22.4521,,
1.032550687,-0.420092421,16.57503262,,3.11189,2.43066,21.3075,,
1.270670135,1.670588709,18.61811024,,3.11499,2.90417,19.2097,,
3.333943062,0.372457173,20.35262615,,3.12269,2.95465,20.3559,,
0.48664843,0.920411182,16.43383559,,3.1235,1.38687,20.9811,,
1.758655739,1.082867291,16.93557188,,3.13836,4.07191,23.3396,,
5.243805266,5.750785998,27.59196627,,3.14447,2.32704,20.2071,,
1.243939491,1.27735815,18.58541038,,3.14829,3.69773,22.6149,,
4.800997044,4.072678078,21.4665472,,3.15159,2.51569,21.6139,,
6.23009145,4.19783083,21.72787556,,3.15438,2.76738,21.29,,
2.034123298,1.216020182,19.11981081,,3.15512,1.27512,19.651,,
5.850780604,3.288606219,20.94817315,,3.16088,3.64486,24.702,,
1.446429655,0.66673715,17.76863386,,3.16351,4.02955,24.2863,,
2.694033886,3.425140273,22.67784162,,3.16638,3.78838,22.3204,,
1.079757643,0.202392534,16.28441916,,3.18823,2.43338,21.9138,,
0.314154124,3.298059315,20.09788811,,3.2186,1.53584,22.7322,,
3.975247125,3.989300298,23.9013943,,3.24557,1.55526,18.3541,,
4.245571746,4.717769533,21.83441161,,3.29388,4.15523,22.757,,
7.406387962,7.598125263,28.30374245,,3.29443,2.74526,22.6296,,
7.846107903,6.413547895,25.74206531,,3.29768,1.92475,18.7032,,
5.774261176,3.861970947,24.40726415,,3.31247,2.56267,23.0477,,
4.837158754,3.457805641,21.5835613,,3.32138,4.38699,24.4713,,
4.162820623,2.561138895,19.74721541,,3.32404,3.64286,23.9753,,
7.753636957,6.34461517,26.08844198,,3.3385,2.88084,23.1188,,
6.941932847,5.214010215,26.25094616,,3.34077,1.81899,22.472,,
2.089683681,1.340430295,18.30501311,,3.34168,3.14076,20.4838,,
0.302801121,0.008916178,16.13994467,,3.34634,2.73141,19.5237,,
4.86629168,5.637516825,26.45996591,,3.35271,3.63761,20.8059,,
0.649754481,0.280837107,17.32082422,,3.36363,0.245381,17.4431,,
1.490688104,1.336512621,17.708514,,3.37706,3.96485,25.0358,,
4.546212323,3.862441405,23.08092192,,3.38146,0.717091,18.5001,,
2.002962265,2.601708403,18.52279902,,3.39239,3.54979,22.573,,
6.96418861,5.176082787,26.43771872,,3.39367,3.63614,24.3864,,
6.070678468,4.622663846,26.00061126,,3.39668,1.51666,18.0019,,
6.325451113,8.202487047,27.80273434,,3.42874,2.91545,20.2939,,
4.74952718,2.194016411,21.60056986,,3.43034,3.44843,20.704,,
7.411715351,5.943714019,24.46476098,,3.43718,2.83011,19.6482,,
3.214402315,2.83058386,23.39360191,,3.44654,0.967797,17.8267,,
4.774130457,3.768055066,21.38029265,,3.45118,3.19676,23.8825,,
6.141638571,3.945591202,25.27427892,,3.4542,2.15446,18.953,,
3.291312213,1.305612554,21.95481552,,3.50265,1.79774,21.931,,
3.39921722,2.970881516,21.64429165,,3.51594,4.32315,24.4796,,
0.978870681,0.895615274,16.70081404,,3.5213,2.40869,21.772,,
4.840999877,4.750927019,24.17380098,,3.52186,2.70062,22.3338,,
7.725092209,5.907419815,24.07947883,,3.52843,1.84284,22.1899,,
4.972753443,4.220681654,21.84821288,,3.54703,1.70357,18.6475,,
2.024774772,1.286103907,18.14029624,,3.55314,3.14425,23.7641,,
1.383837799,0.480520446,16.90508954,,3.56904,4.2537,23.1391,,
3.730250198,3.387163213,20.28749033,,3.57571,2.96508,23.8548,,
5.49145438,2.336246675,20.21183099,,3.60301,3.57753,23.3079,,
7.216716426,5.607935468,25.90002531,,3.61839,2.69494,24.0649,,
6.781205805,6.045051583,26.20683185,,3.62786,1.92286,22.5348,,
5.491010938,4.319938415,25.67214525,,3.64023,2.27079,20.7434,,
2.073771332,1.350078388,21.78745593,,3.65472,2.56263,22.6382,,
2.073930701,2.777339301,21.20674011,,3.66514,2.60575,20.8329,,
3.63868717,3.046153069,23.21326645,,3.66727,4.5499,23.508,,
6.210337186,4.028770578,22.06184297,,3.67627,4.1484,22.8107,,
7.843706467,3.871382495,22.19342273,,3.67771,2.64651,21.0904,,
0.186980531,-0.455794342,16.94750732,,3.68244,2.09458,22.0981,,
5.19287164,4.935460853,26.12779715,,3.69047,1.97727,18.567,,
7.052764607,5.740295545,27.06711715,,3.69436,4.27539,25.4722,,
7.445457909,6.583398567,29.53171318,,3.69712,3.17605,20.082,,
6.472051608,3.747280893,21.40904889,,3.70784,3.55278,23.0553,,
0.053272508,-0.780299977,14.74948816,,3.74973,2.93738,23.1456,,
3.053762538,1.605414355,22.52258916,,3.75086,3.28175,22.4883,,
0.791070347,1.285746173,20.68297706,,3.75127,2.8543,20.0209,,
0.326044449,-1.498648787,14.81695406,,3.7596,3.65567,23.1751,,
3.701355527,2.903076695,22.95872412,,3.76527,2.9243,22.2464,,
4.199557216,3.429294535,23.96303767,,3.76799,2.51718,21.9599,,
0.53313927,-0.337213851,19.61491624,,3.77223,2.55311,20.0693,,
0.361872826,1.001789934,20.48070475,,3.7899,3.09358,20.3367,,
3.476936004,3.707574379,20.4897255,,3.79543,4.5018,21.1611,,
7.071411509,5.61617192,27.66743178,,3.80041,0.297862,21.4555,,
6.821829152,5.137657152,23.45828467,,3.80087,4.45238,22.2787,,
5.314075477,3.630881221,21.51529948,,3.80304,3.0408,23.9621,,
2.44145882,1.272238158,22.19601783,,3.82539,4.0425,24.3524,,
1.311444777,0.069569304,18.83223588,,3.83358,2.39517,20.5934,,
6.537575542,4.577383019,24.79591654,,3.83408,2.59518,23.6591,,
7.887163041,6.275550185,24.77227986,,3.83935,1.31265,19.0089,,
2.7551206,1.856779727,18.73614077,,3.84945,1.63863,19.9909,,
5.437427605,4.330845721,21.6675906,,3.85437,5.81299,24.0523,,
3.329406439,0.863044727,19.57011055,,3.85495,3.79305,24.8288,,
3.74843738,1.437262095,21.29799968,,3.856,3.87751,20.6854,,
6.082709464,5.106679931,22.79221209,,3.87542,2.46289,19.6099,,
5.222321567,2.79307147,20.11015584,,3.90755,3.19237,19.8353,,
1.976027786,1.607034207,17.47096011,,3.91469,3.07538,21.6437,,
1.52448729,0.331579404,17.32695656,,3.91687,2.4394,19.7768,,
2.63886216,2.531915154,19.63233605,,3.91848,1.89602,18.881,,
5.473547865,4.156241194,22.86390429,,3.92975,2.12348,23.6008,,
7.723147301,5.267598237,25.47618197,,3.9314,1.71552,18.4243,,
2.252066088,0.108897679,16.84464664,,3.94451,1.46447,19.652,,
2.536246173,3.750588764,23.44543822,,3.94797,3.03298,23.687,,
6.630790284,4.168982915,24.23101139,,3.95007,2.75955,19.6982,,
3.220433715,2.913959974,22.2834648,,3.96185,2.9973,20.478,,
0.087714877,-0.672608241,18.89480348,,3.96465,2.53088,19.7709,,
7.136684764,4.466887607,23.72534499,,3.97113,2.21202,19.9015,,
1.781496538,0.257102517,19.85967242,,3.98614,4.10329,22.7766,,
2.406834457,2.198393588,18.87943437,,3.99388,5.26341,26.1882,,
0.497796972,2.685480084,21.00724311,,3.99698,4.57424,22.632,,
2.833619702,1.999608461,19.24868883,,3.99804,3.1255,21.6586,,
1.466962525,0.670362896,17.9385995,,3.99829,1.99057,23.5811,,
3.751268523,2.959568668,21.79023552,,4.00569,2.77465,23.2059,,
0.148593639,1.761935672,17.89839958,,4.02356,1.48415,23.0125,,
2.597823391,2.355983428,18.61841026,,4.02624,2.75731,20.1279,,
4.205880732,3.700015531,20.43990464,,4.03503,4.29875,21.7952,,
6.044421102,3.911629108,24.94044341,,4.03559,4.21089,22.0363,,
7.781294204,6.554558336,26.71064017,,4.04454,2.88554,21.647,,
0.150597002,-0.628165222,14.96990041,,4.0495,1.84063,21.2703,,
7.435645335,6.207830877,28.77095974,,4.05615,3.53647,20.2863,,
5.32630186,3.040424182,23.33578827,,4.05743,3.61123,24.067,,
4.598108516,3.874221501,25.10160763,,4.06655,3.06585,20.5611,,
4.43303843,2.759695462,21.06028113,,4.07315,4.63504,25.0918,,
1.229712954,0.114466089,19.91653538,,4.07485,3.26221,19.8937,,
5.046533659,6.330015726,27.52711777,,4.08553,3.53527,23.0609,,
6.57255628,6.489921969,26.11463706,,4.0928,2.40079,22.9379,,
3.887348901,1.902111197,23.39870775,,4.09437,2.44326,23.871,,
5.217997166,5.480333775,22.8552846,,4.10614,3.80395,23.1924,,
2.464746654,1.844306878,18.56982816,,4.12739,2.78821,22.4735,,
3.629002915,3.958477326,21.50997135,,4.1319,3.8236,20.9863,,
3.418994264,2.719727941,21.21823801,,4.13346,3.163,20.6674,,
3.90917087,2.23278387,23.23482749,,4.14816,4.785,26.4002,,
6.693818505,4.171790579,22.57069115,,4.1493,3.74129,22.0205,,
3.926131117,1.973912722,21.60288853,,4.15604,2.30662,23.6551,,
0.334645087,0.742453714,17.20174317,,4.15737,3.00307,22.7998,,
7.965439386,6.038061408,28.12916112,,4.16317,2.65316,20.0044,,
3.62846129,2.768354089,21.59376781,,4.17356,3.88768,21.2928,,
2.910604588,1.047975393,18.19901355,,4.18178,2.52575,20.9018,,
4.479739996,3.126283755,23.84875946,,4.18322,3.24543,24.3798,,
2.454026746,0.896347817,19.06790559,,4.18678,2.23256,19.2201,,
0.03683729,-1.260123383,15.79003603,,4.19752,3.45004,21.5287,,
4.552736375,4.27308724,25.26502938,,4.21951,3.66189,23.786,,
4.162799326,3.33768438,23.30061766,,4.22056,3.91275,22.7514,,
3.356040435,2.919918923,22.95896188,,4.22099,2.58237,21.1376,,
6.288819983,4.356659134,25.9408759,,4.23371,2.91651,22.3453,,
2.646404601,3.215017914,23.15686123,,4.23545,4.58329,25.605,,
1.292203444,1.368726064,18.2870109,,4.24914,1.98589,22.2034,,
0.675646091,-0.742772003,15.4202575,,4.30063,4.04805,24.4621,,
2.651408371,1.606607861,18.6740715,,4.30318,4.69305,22.9121,,
6.666800928,5.103750784,23.08131943,,4.3072,3.26573,20.9586,,
5.789638559,4.840795283,22.5946605,,4.31554,2.10947,20.7668,,
7.855348891,5.897451428,24.23117426,,4.32199,5.96295,25.0905,,
2.978262714,3.920114208,20.37987424,,4.32249,5.1812,22.054,,
7.444256743,3.964052266,26.75567777,,4.33264,4.29811,24.8297,,
6.68537162,6.281164535,28.36627074,,4.33551,2.53698,23.5539,,
0.133553437,-0.274376381,14.87077476,,4.34651,4.77296,22.7362,,
0.556576605,-0.283719894,19.25499228,,4.36073,2.74194,20.6619,,
2.368326165,1.534092339,18.70091787,,4.36388,3.01025,23.7428,,
4.256142094,2.875875875,20.10180877,,4.37246,4.10287,23.616,,
5.130847265,4.491012943,24.45559562,,4.38028,4.47993,23.4729,,
7.479420484,7.311254319,25.48272819,,4.41892,2.3878,22.8542,,
3.373379955,4.107792157,22.81464784,,4.42009,3.36721,21.4131,,
7.007143192,6.675046954,26.44933691,,4.43416,5.45467,25.3279,,
3.152634151,2.709181239,22.02916685,,4.45002,3.4225,21.374,,
0.990789434,2.917260666,18.49772407,,4.45612,2.96676,24.0064,,
4.070471286,2.372977133,21.14869385,,4.46102,2.24197,23.036,,
4.46833557,5.03716104,23.75368013,,4.46337,3.33844,21.1794,,
6.055504064,4.300712751,24.32513117,,4.47087,1.82944,23.1238,,
3.947094476,4.999455347,25.730956,,4.47607,2.27238,23.1292,,
1.661003571,0.849801478,20.33949624,,4.50015,4.16412,23.3013,,
1.165887709,0.516736768,18.21506999,,4.50168,4.54033,24.7922,,
4.092904098,3.403070842,22.93694117,,4.51899,4.75383,21.7116,,
1.420059557,3.262880554,22.84392518,,4.54695,3.11815,22.7672,,
1.539684598,-0.403354875,18.79370997,,4.56394,2.70946,20.8738,,
3.138569449,2.938894,21.61470343,,4.56741,5.53164,26.0298,,
5.761606877,5.10279001,25.50688882,,4.56846,4.02866,21.5985,,
7.906846308,6.733855596,28.73359455,,4.59036,4.77645,25.244,,
1.964178306,1.516109036,18.99308438,,4.60991,4.76214,24.1046,,
6.091127671,5.529360983,24.76756062,,4.61798,4.48604,25.6551,,
4.362936447,3.000397546,24.03647062,,4.62006,3.2809,22.2282,,
7.295675992,3.896501303,25.20801042,,4.62616,3.61403,23.1019,,
4.431326106,3.197081107,23.10290237,,4.6359,3.4777,24.8941,,
3.196345745,3.511391837,23.38854282,,4.64075,3.97899,24.3246,,
6.763405408,5.789269451,25.53775972,,4.65138,3.38713,23.1416,,
1.153657518,0.681584287,19.21261392,,4.66125,1.69396,19.9003,,
1.81353264,0.884422018,19.95589364,,4.67028,4.87825,24.1839,,
2.173176855,1.606087037,19.4655548,,4.67031,3.18687,23.9967,,
5.481912645,3.005338236,23.19219757,,4.67077,3.60517,23.5188,,
7.330947778,6.744990393,27.74559674,,4.69338,2.89786,21.1692,,
2.748624481,1.388493172,19.7041015,,4.69567,3.23509,21.2181,,
3.354844189,3.142057464,22.84531884,,4.69949,4.70326,22.6619,,
2.505483897,2.521165847,22.53343391,,4.69955,2.77995,23.27,,
6.166583334,3.169713553,22.87634758,,4.70144,2.7116,23.664,,
5.587028499,4.636749625,23.20477272,,4.70348,4.62358,24.4808,,
4.688089037,3.584737639,21.18999828,,4.70673,3.14407,22.0949,,
3.690347917,3.940899873,21.75251536,,4.71257,3.22116,23.2878,,
2.506883128,2.203762219,20.17328498,,4.71411,3.66359,21.0716,,
6.89912689,4.697491236,27.36685299,,4.72038,2.54125,20.1163,,
1.712847952,0.544408118,16.54268674,,4.72197,5.51227,25.4376,,
3.109313401,2.08093952,18.66340487,,4.72815,3.15822,22.9353,,
5.370856302,3.241989115,23.9719854,,4.74907,3.07385,21.6794,,
3.631189594,3.584815836,24.55187734,,4.75578,3.40807,24.6068,,
2.976672327,2.879361413,20.78966297,,4.76989,4.40431,25.4027,,
1.450516914,0.465830995,18.60723745,,4.77762,4.58768,22.1736,,
7.061899208,7.476280245,28.43527157,,4.78102,3.02491,22.5689,,
1.766977196,0.684077997,20.31670592,,4.78417,3.07576,22.4892,,
0.157552717,0.752461913,18.92129089,,4.78515,2.98795,21.9478,,
0.28824282,-2.284482358,13.12903071,,4.80169,4.96576,24.5369,,
4.336416161,6.401465766,25.40023299,,4.80224,3.20843,23.0699,,
5.847521323,4.833506296,26.84500225,,4.8061,3.36955,21.1104,,
7.075669392,6.855447552,24.73103455,,4.80643,3.04448,24.8132,,
6.967263456,5.153963805,27.13164721,,4.80686,5.32322,22.2824,,
5.273942479,4.398136822,24.60741735,,4.80916,3.44922,24.3348,,
7.024312398,4.313658142,24.73026578,,4.81812,2.57932,23.5162,,
2.742900747,1.477363795,20.30217957,,4.82331,3.30909,22.8125,,
6.992040874,5.466055811,27.00065864,,4.83313,2.92519,22.5098,,
2.941538922,0.625472994,18.13603531,,4.83849,4.22242,25.466,,
1.361446171,-0.192276189,15.62508813,,4.83874,5.43391,24.4882,,
3.384804836,3.57860119,22.82673406,,4.84454,3.29029,24.4677,,
2.768307726,1.468990898,20.22619022,,4.84846,4.46403,26.1513,,
1.955626226,3.880676688,24.13819661,,4.84981,4.01677,24.1887,,
0.936084617,-0.283522344,16.96261127,,4.8594,3.91641,22.9094,,
3.016162266,2.709544739,22.84213239,,4.86826,5.3134,26.768,,
6.636025195,5.10381981,26.36044583,,4.86894,2.54953,22.4224,,
3.700038269,1.737275383,19.92264093,,4.87508,3.36402,23.3578,,
3.056123587,3.070077779,22.2853699,,4.87555,3.86718,21.3058,,
7.745695787,4.935016668,26.29422456,,4.87599,3.74278,21.9983,,
5.760562488,6.317791151,24.68851523,,4.87705,3.18246,21.7895,,
4.338946756,2.360959885,20.91232656,,4.88244,3.17561,23.324,,
0.03099302,-1.213840077,15.40572146,,4.88362,3.63644,23.2389,,
7.305167424,4.267117858,25.46677463,,4.89477,6.53514,28.2396,,
4.758448614,4.224469218,22.0971609,,4.89606,3.6569,24.9106,,
5.870271907,5.752978478,24.91642628,,4.89922,1.81156,19.8166,,
6.539226589,5.249203162,23.55545151,,4.90633,3.41698,20.4866,,
4.78755062,4.028484642,21.82347084,,4.91047,2.89307,24.8493,,
0.12248754,-0.427518732,15.33973662,,4.92391,4.25854,23.1534,,
0.498146768,1.477580136,18.95407331,,4.92581,3.72622,24.6719,,
4.712779431,2.852109533,24.68969418,,4.92737,4.41135,25.4436,,
0.272952253,0.834744838,18.47745179,,4.9361,1.45841,19.538,,
2.674325643,2.307867274,19.81998647,,4.93948,6.23872,23.4085,,
2.360899371,1.816289886,22.61424069,,4.95042,3.06301,21.4258,,
0.35686437,0.723700591,18.68501786,,4.95519,4.92612,24.0517,,
5.862390207,3.542215453,21.94359766,,4.97159,2.1869,23.286,,
0.234879353,0.700374846,18.17157434,,4.97238,3.94457,24.7824,,
4.658928771,3.108388321,24.9410349,,4.99566,4.24378,23.724,,
4.61233219,4.193314954,24.48086976,,5.02627,3.19093,24.7448,,
7.198497115,4.97790826,23.78663916,,5.02786,1.32145,19.0632,,
7.111471922,6.9857102,26.80638198,,5.03603,4.28821,26.1709,,
6.315435968,7.011994297,27.03885479,,5.03628,5.01321,24.124,,
4.669631698,2.59910295,23.33372656,,5.03807,4.03773,23.9888,,
4.654589373,2.142662383,23.12227807,,5.05948,6.00773,23.1319,,
6.666935684,5.901256412,27.83414442,,5.06447,3.87832,22.6958,,
5.643911337,4.840448539,23.12941817,,5.0732,3.05845,23.9606,,
6.409483951,4.510917926,26.25704716,,5.07582,5.37022,25.3173,,
5.049975297,5.216390216,26.20869186,,5.09174,5.18113,24.2651,,
6.271987493,5.741202251,28.0607757,,5.13428,4.8825,26.1976,,
5.029737308,4.180126783,22.84083854,,5.14183,3.57203,22.0566,,
0.585846637,-0.08166944,17.27711278,,5.15755,5.73597,27.1159,,
4.257835857,2.98659963,21.96380696,,5.16234,3.12641,25.1785,,
3.735634529,5.512637092,22.96234285,,5.16798,4.2032,22.9206,,
6.485903803,3.348019385,21.25407083,,5.19976,3.99466,25.812,,
5.715863022,5.512938713,23.62398163,,5.21778,3.38799,24.6305,,
3.708819968,3.871180528,23.15355184,,5.23447,3.1067,23.3852,,
7.788191471,5.99562132,24.12890589,,5.24458,3.79346,25.452,,
5.864803462,6.307402874,26.70064209,,5.24555,3.58561,24.1407,,
3.397604141,2.097000164,21.41566573,,5.25308,3.18872,20.9219,,
5.626598357,4.540361788,26.12718623,,5.26552,5.77097,25.7088,,
3.357564068,1.472186408,22.65005099,,5.27068,4.39955,22.1889,,
2.225798902,2.033845694,18.04151986,,5.27185,3.06272,21.8517,,
6.267842573,5.311875227,25.16620856,,5.27551,4.2417,22.1079,,
0.80426017,-0.086540499,16.00359529,,5.27646,4.35861,22.7814,,
2.060553997,-0.272390529,16.67149038,,5.28856,4.43853,26.3346,,
6.36580367,6.171275632,25.61132744,,5.29147,5.56045,24.1606,,
5.309648933,4.099461034,23.7830836,,5.31407,3.79455,21.4676,,
6.860891523,5.82614809,25.81704611,,5.3178,6.20782,24.646,,
2.386532842,2.025228215,19.98119537,,5.32869,6.12282,24.2448,,
6.34760506,5.528762172,24.07262424,,5.33542,3.7955,21.422,,
1.197040682,2.235130684,22.08156896,,5.33578,3.42765,24.9248,,
4.365131127,6.091066815,24.94336818,,5.33705,2.16744,22.654,,
0.469991742,0.10281234,15.8517594,,5.34239,4.27417,23.4394,,
7.468512541,6.017968257,28.23552285,,5.34455,5.65523,27.6557,,
3.713066715,3.848310416,22.79761603,,5.38279,5.17736,22.9044,,
3.407335793,3.12472106,19.93535019,,5.3837,3.50496,22.2148,,
6.362658375,5.388552433,27.545037,,5.38754,4.04236,22.0271,,
1.377470523,3.374796084,20.82277201,,5.38919,3.65451,23.0504,,
1.286531027,0.777976288,16.99852591,,5.40547,3.57475,23.9818,,
1.41640225,2.2866708,21.05486857,,5.40759,4.15237,24.0275,,
0.379436428,-0.161517664,19.61789359,,5.41159,4.87972,26.8279,,
6.680041956,4.84778746,24.99750069,,5.42898,5.87657,23.5983,,
4.802541631,3.700530845,25.17830148,,5.44782,3.35318,20.8688,,
4.665797268,3.769592502,21.18517272,,5.46076,4.25259,22.4499,,
6.173991538,7.229318726,28.15152694,,5.47734,5.2508,23.8204,,
5.467994923,3.299593801,23.77904356,,5.48449,4.65587,25.5058,,
7.182606763,6.755022107,26.30406447,,5.49288,3.8587,24.6145,,
7.504573759,4.524005152,22.7624025,,5.50338,4.6107,23.1686,,
6.355574711,3.582010355,24.81390452,,5.50432,3.97024,24.6295,,
2.143816213,2.491502702,23.33179884,,5.5102,5.14726,27.0059,,
1.562946838,2.821528178,18.54803282,,5.51177,5.71638,25.4726,,
6.149753776,5.294178153,25.48186014,,5.51236,4.73095,25.3681,,
7.572096216,4.825303806,27.317669,,5.54434,4.4849,23.1832,,
4.3184109,3.539003095,24.11439992,,5.54483,5.12088,25.8137,,
1.97065479,2.361680531,20.19647836,,5.54743,2.35935,21.3913,,
4.552237683,5.01193218,23.67917907,,5.55127,3.64465,21.9733,,
6.092048193,5.269927869,27.09633616,,5.56731,3.64005,25.0869,,
6.138133118,4.790148937,23.19021704,,5.56818,5.60208,27.8163,,
3.526531148,4.199126842,21.09072186,,5.57132,6.72179,24.3888,,
1.848342777,2.321091694,21.88730173,,5.57239,3.64847,23.6946,,
4.139612834,2.964886978,22.67086098,,5.5728,6.65717,24.5065,,
5.916186714,5.496240111,27.76208053,,5.57321,3.28524,22.9365,,
0.543988914,0.586928276,19.64527568,,5.60698,5.58312,24.9723,,
0.247258155,1.408808004,16.75081359,,5.61304,3.15317,23.9028,,
0.97051834,0.163272932,15.72552624,,5.6141,5.21272,24.2276,,
7.012472941,6.970265103,28.18761107,,5.61459,4.13703,23.1611,,
3.482144054,4.680440665,25.8329808,,5.61559,5.30026,25.6051,,
4.84409519,4.362134482,22.23378524,,5.62172,4.79942,22.2864,,
1.197882714,1.127599785,20.8672976,,5.63737,3.78891,24.3813,,
0.792904614,-0.031439441,17.99308135,,5.64486,2.87225,22.9891,,
1.401767949,0.362538712,18.96704319,,5.66002,4.50868,22.783,,
5.118855021,5.907935103,27.60173977,,5.66636,4.97321,22.4917,,
7.260154095,5.180115074,25.15773907,,5.67339,6.35193,25.3834,,
3.879795447,4.010720201,25.12208296,,5.68774,5.07258,27.347,,
0.83646504,1.026673758,16.55816649,,5.69324,4.40211,22.311,,
4.815974149,2.764248337,24.55404232,,5.6959,4.71987,26.1399,,
5.564153255,2.309657887,21.79223196,,5.69822,5.90625,25.0743,,
0.959368544,1.244936318,20.15630424,,5.69933,4.99936,26.5679,,
3.058591249,2.9911506,19.50627572,,5.70482,4.36471,26.5945,,
3.182294524,4.382405275,20.90876371,,5.7064,5.8014,27.6003,,
1.885495968,0.035375005,20.27301631,,5.70665,4.74905,22.6745,,
6.651531818,5.119324215,26.3005856,,5.71251,6.32398,26.1365,,
7.725285655,4.349456251,23.46209411,,5.71541,3.43941,25.7098,,
0.187146382,1.237316231,16.49271458,,5.71773,2.64665,24.3006,,
3.624599552,2.043678799,18.63188671,,5.73129,3.25616,24.5177,,
0.211645334,1.090338812,20.33268416,,5.73315,5.46424,26.7449,,
3.827886389,3.763761084,20.33025153,,5.74485,5.89307,28.0306,,
1.749717915,1.927501062,20.79210436,,5.74674,4.66715,25.3863,,
1.040000611,1.213837606,18.09377519,,5.74724,5.16231,25.3508,,
1.215352683,-0.084522965,16.67119684,,5.75473,6.45955,27.9287,,
5.117511055,3.175038872,24.99594336,,5.76351,3.04283,24.9508,,
3.055615501,3.478637872,23.01287859,,5.76849,3.26444,25.5597,,
7.578835634,5.333560148,25.20659766,,5.77742,4.01116,24.1795,,
3.846389428,1.695251288,18.38184303,,5.79443,4.03443,23.2918,,
6.214520884,2.853224629,20.73386357,,5.79888,5.63451,27.269,,
0.972326482,1.639957646,19.96846061,,5.8089,4.16731,25.3389,,
1.266412872,-1.497897272,17.15474078,,5.81572,4.82799,26.4601,,
5.156148327,5.192427749,26.34307327,,5.82891,3.30916,22.4569,,
0.944362956,1.363658787,20.53021807,,5.82981,3.35596,22.0168,,
7.153054856,6.463508031,25.98984288,,5.84297,1.2283,22.9069,,
0.219835698,-0.146372158,17.22998389,,5.84989,3.47113,24.5974,,
7.647683823,6.165614445,26.38544905,,5.85328,5.89654,23.4439,,
1.117119886,-0.949559457,18.02830173,,5.87472,3.93708,23.5555,,
6.361038975,6.297278156,26.66850924,,5.88515,4.24391,22.7763,,
6.8679171,4.711820153,25.57962788,,5.88558,4.78915,25.754,,
4.823427781,1.560305577,22.20427863,,5.89491,3.80616,24.4884,,
1.73763342,2.563531996,21.72526834,,5.90282,4.53862,25.4993,,
0.41790698,1.519316588,19.10070786,,5.90414,6.88067,28.9202,,
2.928422508,1.3466035,19.61606382,,5.91624,6.49341,27.1322,,
5.548647348,3.437773078,25.08865459,,5.92305,5.33259,23.0661,,
4.587327943,3.895467732,21.20166133,,5.93108,4.12192,22.0837,,
3.710263483,4.352575268,25.69938411,,5.93729,4.88067,23.6095,,
6.386600495,4.871039793,26.43685882,,5.94524,4.47564,25.7161,,
2.066641577,1.342713615,20.63487664,,5.96327,3.41595,21.4021,,
2.764471667,1.482900892,17.72388259,,5.97872,5.60948,26.8481,,
0.047821667,-0.239143289,18.51893289,,5.98478,4.17114,21.983,,
7.936145645,7.290520199,25.76410827,,5.99903,5.83064,25.0139,,
3.430619681,4.023625563,24.77916607,,6.01123,6.87338,27.372,,
6.396138579,6.303743254,27.61514401,,6.01378,7.08658,25.7467,,
1.118382998,0.254288277,16.5310024,,6.01531,4.75253,24.304,,
4.227784739,4.105851898,24.54916664,,6.01947,4.41764,21.9726,,
2.342241927,2.760976261,19.370402,,6.03015,3.63514,25.7455,,
7.984432316,6.056830674,25.31701148,,6.03436,5.07234,23.4091,,
0.183576369,-0.381733482,17.27672331,,6.04819,3.64817,25.5506,,
1.624882457,2.244031645,20.14630616,,6.05116,5.23365,26.2155,,
3.57697656,2.458556721,20.30200899,,6.06262,5.63423,25.3182,,
2.50300684,2.708427162,18.78383384,,6.06941,5.18192,23.3155,,
7.224682423,6.097605534,26.40305547,,6.07174,4.71846,22.6909,,
1.11999819,0.496630103,20.56129155,,6.07262,5.27009,25.6117,,
4.138042306,2.700469755,21.09064421,,6.07367,5.33613,26.3341,,
3.223919673,1.756742356,22.42660759,,6.088,6.0507,27.7541,,
1.187180166,0.625745225,17.9825204,,6.09299,4.35256,25.47,,
7.003236042,6.540874347,27.23951112,,6.1038,4.6572,23.8551,,
2.28834243,0.951546965,18.47904942,,6.10447,4.48047,22.4587,,
0.668112918,2.437605581,20.03402638,,6.11024,5.67839,25.5994,,
7.584960819,5.335526557,26.52952246,,6.11449,3.10227,21.5063,,
7.699191226,6.170513068,26.83952214,,6.1294,4.36272,23.1121,,
5.986027426,4.96259474,23.78122221,,6.13569,5.31644,25.5517,,
5.658056378,5.935225265,24.66276762,,6.1657,5.24913,27.5741,,
5.598038681,4.979331582,25.66571467,,6.17084,3.938,24.414,,
0.03171076,-0.341455363,19.63143338,,6.19368,5.67388,26.4693,,
6.853788583,6.516084968,26.75876197,,6.20947,4.04808,22.6713,,
6.128639167,5.018681589,23.43813792,,6.21049,3.77797,22.0889,,
1.38925988,1.589980357,20.0922986,,6.21147,4.7769,25.4325,,
3.041690023,1.801829318,18.67327755,,6.2206,4.75174,23.8541,,
1.32962544,-1.110589858,18.66931676,,6.22285,3.93284,24.5417,,
0.06446753,0.266232855,18.30007422,,6.22429,4.94687,23.5398,,
2.352818247,1.404956554,21.35131086,,6.22832,6.0136,23.5952,,
1.406676902,1.464224577,18.41878896,,6.22952,3.92092,25.2261,,
6.425345802,3.990089684,23.63562668,,6.23362,6.35802,25.4762,,
7.548050892,6.147213987,27.66126146,,6.2343,6.40216,28.2092,,
2.624446784,0.105392945,17.29554539,,6.2481,3.31029,22.8962,,
3.795931877,2.457138099,22.24164019,,6.25623,4.23045,25.7619,,
4.149366761,3.135411829,23.0894083,,6.26626,5.00365,22.953,,
1.421060297,0.887340778,19.16257082,,6.27042,4.93973,23.3184,,
3.735060073,3.205819605,21.8222982,,6.27385,3.5537,25.3951,,
6.124934125,4.379136456,24.19403718,,6.28409,5.81018,26.8442,,
4.657012178,3.898062644,20.91965404,,6.28511,6.55989,26.804,,
1.400523009,1.265729457,20.60305177,,6.28603,5.70592,23.8605,,
5.794428213,4.314528057,25.90555396,,6.3054,3.84402,23.1603,,
4.783296398,4.094282394,21.52661171,,6.30906,5.10501,25.1739,,
1.423908275,-0.476029297,18.36702484,,6.3132,4.57177,26.7533,,
4.293980108,2.038582675,21.21173502,,6.3197,3.47049,22.6104,,
0.322016253,-0.63338384,17.94903598,,6.32182,5.62513,25.4132,,
3.872716731,2.94048881,20.29318459,,6.32182,4.97801,24.0937,,
5.401168964,2.654701762,22.63606835,,6.32221,5.68214,26.4147,,
5.307732496,3.347264882,25.01943597,,6.32298,5.99768,27.9498,,
2.31697851,1.054120087,20.16426009,,6.33443,6.78632,28.0484,,
6.124817952,4.18677252,22.08839196,,6.3401,3.96435,25.3116,,
3.813852678,2.281014289,21.1392314,,6.34171,4.95718,23.2769,,
2.338003926,2.649079204,19.10050655,,6.34203,2.84262,22.2643,,
4.279425234,4.515377128,25.46170833,,6.36771,5.50576,24.1017,,
0.077945248,0.670539698,19.568655,,6.38914,3.46765,24.7316,,
2.836182853,3.275981785,21.40980503,,6.39137,7.96479,27.4789,,
1.267184129,2.511007357,21.01923974,,6.40649,4.6411,26.5588,,
6.312470887,4.120885283,24.86913529,,6.41615,5.33356,24.2868,,
6.620209385,2.943615248,23.24089293,,6.43799,5.83748,27.7226,,
0.010013409,-0.020938068,18.11370828,,6.44663,4.5168,26.192,,
3.163226611,5.107997835,25.27894201,,6.45104,4.62789,24.183,,
3.035071179,1.641257581,20.78027828,,6.48157,5.73095,26.4812,,
5.22161041,3.532844561,20.96074737,,6.49065,3.78453,22.737,,
3.094350163,2.281776712,23.3053213,,6.49524,4.49945,24.5418,,
2.205042859,1.416098587,21.21975373,,6.49619,4.0649,25.6324,,
3.359270464,2.500092726,22.07048742,,6.50417,4.36121,24.0422,,
2.92221848,4.685767499,24.24424984,,6.50637,3.32785,21.1777,,
6.029636278,7.364557973,27.05929284,,6.50787,5.8133,24.9926,,
6.7666486,3.459882552,22.42768336,,6.51248,5.31839,24.322,,
2.584523962,2.844738957,23.01430185,,6.51514,5.58475,24.7259,,
5.252740907,4.243673669,25.81170536,,6.51857,5.25237,24.2735,,
7.678381885,6.460783856,26.97171681,,6.5219,5.11875,25.4869,,
0.397199087,1.641381122,20.61994542,,6.52746,4.77278,25.47,,
6.070668883,6.789856421,25.36761261,,6.539,7.12174,26.1958,,
0.718574764,-0.123287369,18.815564,,6.54251,4.85913,24.413,,
7.007841141,4.870775576,24.71526702,,6.56544,3.59872,22.6017,,
0.619226673,-1.232393753,14.03881364,,6.57256,6.71249,27.5087,,
2.790040727,2.63048766,22.08602112,,6.57728,5.74115,25.012,,
0.936597089,3.969971496,19.80741355,,6.57796,7.0703,25.9033,,
4.632363807,3.676799868,24.76609305,,6.58463,7.42751,29.6111,,
5.957623654,5.011661588,22.69744907,,6.58564,4.35553,24.5041,,
0.352396576,1.20118919,16.78441093,,6.60014,4.13768,25.1494,,
2.417667777,3.073288644,19.51167422,,6.61019,5.37797,27.1157,,
1.891543617,-0.426596333,18.38015012,,6.63717,4.22652,26.7084,,
0.051036627,0.123061517,19.42675078,,6.64972,6.60795,26.048,,
3.680590579,2.645298711,20.1357568,,6.653,5.71216,25.981,,
1.457504351,2.128782664,18.16109152,,6.65311,3.4233,21.9981,,
6.736131215,5.263742968,24.63292433,,6.67573,6.56433,24.7816,,
5.213268999,3.387948118,24.76433389,,6.6784,6.39469,28.2169,,
4.169998222,2.06826729,23.24279811,,6.68914,5.52556,24.6048,,
4.548840897,3.252361803,21.11846683,,6.69469,5.51609,28.0889,,
2.287469544,1.838716209,22.53158125,,6.69504,6.62345,25.237,,
4.970686178,3.367408936,24.80091751,,6.69608,7.07273,28.7145,,
3.102722485,2.539471615,19.91406848,,6.69685,4.97557,23.1437,,
3.552834468,3.417028827,21.98148805,,6.70164,5.73961,24.2819,,
3.283021174,2.749864312,19.57254934,,6.70696,4.40793,26.5166,,
4.461207753,4.471385228,23.26543235,,6.71714,5.9501,24.2741,,
1.299905311,0.965044394,16.61171158,,6.71992,5.07946,26.1945,,
7.041001728,5.995738132,27.09526842,,6.7375,7.49194,29.6069,,
0.583609512,0.701321988,17.69317818,,6.7384,4.99756,25.0272,,
3.897735845,2.222369917,23.64451528,,6.74369,5.79108,24.5255,,
3.412500708,3.336266068,19.90006838,,6.7469,4.59921,25.7165,,
7.775607618,5.925666183,28.5569744,,6.75097,4.80623,23.8766,,
0.752045723,-1.625608802,14.56559398,,6.77759,5.97732,27.6357,,
5.785487596,4.615443386,25.49380514,,6.7792,5.97925,28.3101,,
3.979966769,3.938317212,24.13679754,,6.80438,6.09342,27.1101,,
5.100216521,2.805228425,21.4892312,,6.80444,5.03688,26.3934,,
5.177822933,5.218704049,24.46319729,,6.80568,5.32688,24.5798,,
3.542466348,1.396740033,18.02002601,,6.81139,4.74098,27.4019,,
3.20598779,2.258154784,23.51360708,,6.82161,7.47655,25.3016,,
7.132411106,6.054457305,25.41546883,,6.83091,6.38293,24.3535,,
2.574695116,3.5540943,22.51497765,,6.84627,5.55531,25.3594,,
3.499243481,2.796374506,19.34774328,,6.85054,6.76279,25.9996,,
5.527681292,4.249833863,23.72452342,,6.8774,6.01266,25.336,,
4.04969304,2.458120304,23.16158119,,6.88856,5.05878,27.346,,
0.575775838,-0.264364351,15.14658161,,6.89747,5.0468,25.0703,,
4.919521268,4.22035718,21.53702827,,6.9013,4.94515,23.96,,
2.735322471,3.848344615,21.50067965,,6.93175,5.07248,26.9871,,
1.784694994,0.644558782,16.70492711,,6.93426,4.57013,25.293,,
3.574863711,2.552328625,20.08301949,,6.94348,5.61614,28.1196,,
5.409711396,3.538871265,23.5039296,,6.94433,5.31884,23.2238,,
1.125317727,3.196438142,22.26279031,,6.96406,6.16214,28.3905,,
6.756620683,6.129856967,28.64335262,,6.96915,5.62617,27.9537,,
2.745984349,2.578340996,22.17272143,,6.97009,6.88473,25.0919,,
4.721743359,3.532222291,23.031733,,7.0058,4.91736,23.8551,,
3.747173744,2.85688832,20.7735225,,7.01492,5.6534,27.6924,,
7.295848015,3.940108468,22.67233094,,7.01628,7.54967,26.2798,,
3.816331599,2.628187884,23.00514918,,7.03765,4.41618,23.3455,,
5.992720713,2.991196848,24.70399116,,7.07015,5.40482,23.559,,
1.888369664,2.865642078,18.80433878,,7.07248,3.27753,25.7603,,
1.397476052,1.005531059,17.69402744,,7.11537,6.40449,24.967,,
5.002583367,3.141817365,23.11373838,,7.11719,5.52384,26.3171,,
4.874613518,2.928419297,24.57736634,,7.12332,6.18305,24.8933,,
3.483441522,2.030879691,20.77179037,,7.13374,5.17755,25.1061,,
7.752735702,7.233716055,29.65672405,,7.13998,6.60896,28.666,,
5.994788176,5.470205697,27.04617306,,7.16261,6.74139,25.2522,,
7.611501357,6.947488584,26.42270805,,7.16612,4.90532,23.7097,,
6.456247042,6.362810344,25.18137539,,7.18521,6.39132,25.6361,,
1.305035294,-0.57589974,16.61347558,,7.19024,4.64476,25.1912,,
2.512726272,2.287500296,18.6682342,,7.19326,5.27148,23.4011,,
4.792977817,3.786811969,21.7093279,,7.19402,5.71864,27.0088,,
7.679007059,6.822770971,29.32673519,,7.19536,6.91265,25.8508,,
6.51034589,5.763834731,27.70104893,,7.22796,6.91391,29.3291,,
6.325979673,5.770897267,24.52326533,,7.23392,7.60477,25.6857,,
7.495100945,5.244366086,24.39901022,,7.25225,6.84822,28.5009,,
1.816455169,2.399335188,21.84782568,,7.25347,6.29415,25.0415,,
7.262559855,5.193276416,26.84844302,,7.25825,7.35319,28.8688,,
2.42914951,1.98552617,22.63329158,,7.27048,5.09504,25.1798,,
5.016587145,4.779845478,24.73496786,,7.27594,8.2939,28.6262,,
2.514500234,2.522356757,19.98184758,,7.27891,6.31771,28.2535,,
5.09570816,3.792628976,24.7966702,,7.27963,4.65442,25.209,,
6.365921359,5.356101976,26.42712491,,7.28622,5.15167,27.9519,,
5.364631995,5.359864286,25.86840521,,7.30176,4.60828,25.6185,,
5.693594475,4.800901636,27.05417919,,7.31671,6.81101,26.3799,,
4.584747508,3.278560516,23.20191206,,7.32443,5.46081,24.5136,,
4.367473686,4.004003539,23.1766685,,7.34004,5.93078,24.0936,,
6.526521374,6.446563103,24.83329096,,7.34031,5.08198,26.2701,,
4.91231826,5.850723466,27.70909162,,7.34828,6.47164,26.0076,,
2.640255788,-0.703409521,20.13201582,,7.34939,6.27076,26.0414,,
6.413842336,4.578648989,26.998506,,7.34946,7.21985,27.974,,
4.719141071,4.787304011,24.69128302,,7.35667,8.15358,28.7293,,
6.102554854,5.166849682,26.83947352,,7.35781,6.98007,27.873,,
1.628387314,0.392008665,19.47002268,,7.3702,6.24914,25.4362,,
0.799117677,-0.594472063,17.32476177,,7.39865,6.17529,24.9035,,
6.610505885,6.705864755,25.48116969,,7.40453,8.09225,28.5514,,
0.517650516,1.308343904,18.82466118,,7.41617,5.57786,24.4831,,
7.156870291,7.384144298,27.49947695,,7.41783,6.42077,27.7767,,
3.298505891,3.080472741,23.61088703,,7.43094,8.42519,30.0794,,
6.943112215,6.356700736,28.52724175,,7.43253,8.29986,29.1588,,
3.067149725,2.204415714,23.34361398,,7.44292,6.64912,29.5947,,
4.943605913,2.403135698,21.6088058,,7.44309,5.51443,24.5522,,
4.204582736,3.637254896,21.95147998,,7.44665,5.57106,26.8651,,
3.827867476,3.87051306,21.49153945,,7.45491,7.9131,26.5978,,
6.027365474,4.859477882,22.52707659,,7.45723,6.70647,27.8763,,
5.378613305,4.876165586,23.97756793,,7.46082,5.22627,26.7254,,
5.632155008,2.896135551,23.31026769,,7.46246,6.91544,26.9464,,
6.670801442,5.964456042,25.84784278,,7.47005,5.51163,27.0131,,
1.114485561,0.560993998,18.90883696,,7.47167,5.50017,23.4984,,
5.689288318,4.480504677,22.24318234,,7.48273,6.46228,24.5847,,
2.528168193,0.903870554,18.55719302,,7.48693,3.40962,23.7412,,
3.718304129,1.988365077,19.38816071,,7.49058,5.40308,24.7677,,
4.226868247,4.772573865,25.95891241,,7.49107,3.86008,25.6218,,
3.803091155,3.181362193,20.88413969,,7.49525,6.56834,26.5561,,
1.18200239,1.297820287,19.82743354,,7.50007,7.422,26.4,,
1.954921857,3.139117348,23.08444837,,7.50761,8.02912,28.5274,,
5.72513778,5.286093403,22.73115474,,7.51493,6.97141,26.6043,,
3.684828769,2.967860656,20.43525017,,7.51734,5.67988,28.0857,,
3.336128979,1.610572259,22.54425297,,7.54068,6.20092,25.8671,,
5.83725597,4.44208278,22.55942941,,7.54119,6.60223,27.6037,,
0.714616798,1.532402098,19.06629602,,7.55056,6.34896,27.836,,
5.129206223,5.431122127,25.87977702,,7.55435,5.52811,24.1376,,
3.801332089,3.998466843,22.49446762,,7.55741,6.20502,27.5231,,
7.419684082,5.626615964,28.51279236,,7.56706,7.09179,27.7989,,
2.783601352,3.528771001,20.21488208,,7.56753,6.44176,29.1657,,
5.690457566,4.355578279,25.50550402,,7.57578,5.74571,27.0446,,
2.495902527,1.654912908,20.72027593,,7.58635,6.59129,28.4518,,
3.725498801,3.227307894,22.93276694,,7.59313,5.73418,27.0692,,
2.257804969,1.9660584,22.31444879,,7.59445,5.26945,27.8296,,
1.879128982,1.308666008,18.33043472,,7.59975,5.38764,23.7649,,
1.724832085,1.950755729,20.18751605,,7.60273,8.04009,30.7342,,
2.140198602,3.263937534,23.01405162,,7.60897,5.38561,26.4566,,
1.584943048,0.817575669,20.16117002,,7.6265,4.79625,26.3063,,
4.9112717,3.201821261,22.4483797,,7.62961,6.72934,26.9703,,
4.033347248,3.477866811,23.20032564,,7.6349,5.54487,23.6297,,
4.720673143,3.612972005,23.18337038,,7.67612,6.60743,25.6739,,
1.167868951,0.643159887,17.53018067,,7.68087,5.66547,26.7157,,
0.191525452,-0.827897097,19.06185933,,7.68158,5.86848,26.7121,,
5.009949748,4.249700825,21.29228844,,7.68758,5.28533,27.677,,
4.299701608,3.186740519,24.31295017,,7.68766,6.10478,26.9204,,
1.756887339,2.448294547,20.2911476,,7.70409,8.82112,28.8282,,
4.68552256,3.883831227,23.62775133,,7.70635,5.96896,25.6969,,
4.981556941,5.307850748,24.0632777,,7.72232,4.87004,26.2729,,
6.430184463,6.532522452,25.44574992,,7.72443,7.51713,29.047,,
4.275957619,3.236870888,20.86135961,,7.73613,7.28566,29.9402,,
6.247335358,4.425856761,22.11748745,,7.74386,5.87698,26.636,,
6.503480994,3.942587652,21.83523197,,7.74593,6.04508,24.3955,,
7.090065287,6.480295901,25.45806301,,7.74745,7.15664,26.2908,,
4.734609181,3.449327375,24.21692219,,7.75257,6.66902,25.9639,,
4.349271818,6.287603725,27.93702539,,7.75993,5.37098,25.8476,,
7.426740995,5.731543201,27.54871459,,7.76361,5.27942,26.3622,,
2.408464999,-0.234630316,20.21527981,,7.77844,6.88998,28.3565,,
3.167882489,3.031474097,20.96297069,,7.7898,5.451,25.2392,,
1.495521196,0.608916904,19.14775479,,7.79286,5.87723,26.3114,,
6.761146662,6.127202636,26.04869081,,7.79301,7.23185,26.6052,,
7.071267651,6.232654996,24.10520853,,7.79534,5.92659,27.1259,,
5.0837708,5.814716214,24.24069429,,7.79681,7.31317,26.0281,,
6.453568945,5.883261166,25.52266335,,7.79925,5.10672,23.449,,
5.735203344,4.522941226,22.70472397,,7.80945,7.07589,27.9797,,
2.093815755,0.625204303,17.05405479,,7.81889,4.82941,27.3384,,
6.806325924,4.616266101,22.36866013,,7.82179,4.3122,26.7306,,
5.406881509,3.453501669,24.45519565,,7.8235,4.76479,26.7385,,
7.279265654,4.297900305,25.12352233,,7.8277,6.49762,27.447,,
4.192753634,4.400916396,24.40111507,,7.8417,7.0458,25.8116,,
4.333500157,4.10533561,21.56096545,,7.84969,5.6376,27.2988,,
6.34767843,5.549619414,27.72139156,,7.84981,7.42369,28.1256,,
0.445429534,0.404066687,16.87395916,,7.86285,6.80173,29.1253,,
1.958996436,2.051568268,21.55016361,,7.87796,5.95817,25.8516,,
3.883290987,4.089042993,25.51970283,,7.8836,5.88106,26.2473,,
2.665576586,2.70010931,20.93312547,,7.88446,6.3524,29.4999,,
2.437046988,0.101198197,16.60480847,,7.88862,5.36303,27.8231,,
6.91197194,6.443628704,29.04341754,,7.89697,6.20218,28.1711,,
3.966495515,1.697350409,18.78287948,,7.89821,4.27752,23.9808,,
5.102072736,5.485569167,25.17572974,,7.91055,6.14743,29.2059,,
5.724853632,2.788244562,22.81053499,,7.91342,7.18498,26.1544,,
0.246230418,0.236639942,18.45932685,,7.92741,6.5297,29.1547,,
1.332141116,1.770346399,17.72919485,,7.92847,6.05867,25.2943,,
6.515456001,4.744948051,24.58269102,,7.94393,6.46114,26.1073,,
2.916506488,3.052917003,19.74679126,,7.9516,6.17168,28.3483,,
2.624036338,1.188338445,17.26814413,,7.95906,5.89659,25.3431,,
0.281947317,1.076460969,20.4827172,,7.9627,5.07125,25.715,,
2.046676848,1.375887706,21.6326892,,7.96587,5.27546,25.008,,
1.023492448,0.172581762,16.3091165,,7.97207,7.45522,26.6949,,
4.270477482,3.899555225,20.85250879,,7.97993,7.70339,30.0051,,
7.180295594,6.460980845,28.490026,,7.98733,6.74575,27.2236,,
6.877507794,4.821071851,26.15876993,,7.99003,6.87817,27.0751,,
0.027209012,-0.360496514,16.36866539,,7.9926,7.57889,27.4977,,
3.067581811,2.215270763,20.89704649,,7.993,7.3436,28.7446,,
4.077606647,4.500976511,22.43905727,,7.99435,4.68907,26.3798,,
